ID,NAME,PARENT,YEAR,TOTAL
1,PASAULE,,1990,5288137359
2,PASAULE,,1991,5375716954
3,PASAULE,,1992,5459838024
4,PASAULE,,1993,5544808371
5,PASAULE,,1994,5628818958
6,PASAULE,,1995,5713659163
7,PASAULE,,1996,5796553892
8,PASAULE,,1997,5879181284
9,PASAULE,,1998,5960951251
10,PASAULE,,1999,6041479766
11,PASAULE,,2000,6121371868
12,PASAULE,,2001,6200826289
13,PASAULE,,2002,6280008070
14,PASAULE,,2003,6359405021
15,PASAULE,,2004,6439366735
16,PASAULE,,2005,6519872183
17,PASAULE,,2006,6601083228
18,PASAULE,,2007,6682860600
19,PASAULE,,2008,6765986891
20,PASAULE,,2009,6849272706
21,PASAULE,,2010,6932596129
22,PASAULE,,2011,7014792135
23,PASAULE,,2012,7099311892
24,PASAULE,,2013,7184861447
25,PASAULE,,2014,7271057715
26,PASAULE,,2015,7383008820
27,PASAULE,,2016,7466964280
28,PASAULE,,2017,7550262101
29,PASAULE,,2018,7632819325
30,PASAULE,,2019,7714576923
31,PASAULE,,2020,7795482309
32,PASAULE,,2021,7875464634
33,PASAULE,,2022,7954468982
34,PASAULE,,2023,8032487475
35,PASAULE,,2024,8109532823
36,PASAULE,,2025,8185613757
37,PASAULE,,2026,8260710124
38,PASAULE,,2027,8334801643
39,PASAULE,,2028,8407900352
40,PASAULE,,2029,8480027356
41,PASAULE,,2030,8551198643
42,PASAULE,,2031,8621415775
43,PASAULE,,2032,8690673506
44,PASAULE,,2033,8758973114
45,PASAULE,,2034,8826315616
46,PASAULE,,2035,8892701940
47,PASAULE,,2036,8958126691
48,PASAULE,,2037,9022590075
49,PASAULE,,2038,9086103797
50,PASAULE,,2039,9148683649
51,PASAULE,,2040,9210337004
52,PASAULE,,2041,9271063273
53,PASAULE,,2042,9330845890
54,PASAULE,,2043,9389655929
55,PASAULE,,2044,9447454649
56,PASAULE,,2045,9504209572
57,PASAULE,,2046,9559909195
58,PASAULE,,2047,9614545440
59,PASAULE,,2048,9668093432
60,PASAULE,,2049,9720525979
61,PASAULE,,2050,9771822753
62,PASAULE,,2051,9821979204
63,PASAULE,,2052,9870996143
64,PASAULE,,2053,9918868234
65,PASAULE,,2054,9965591995
66,PASAULE,,2055,10011171422
67,PASAULE,,2056,10055609539
68,PASAULE,,2057,10098925718
69,PASAULE,,2058,10141161411
70,PASAULE,,2059,10182370369
71,PASAULE,,2060,10222598469
72,PASAULE,,2061,10261867905
73,PASAULE,,2062,10300193299
74,PASAULE,,2063,10337605232
75,PASAULE,,2064,10374134682
76,PASAULE,,2065,10409808296
77,PASAULE,,2066,10444646732
78,PASAULE,,2067,10478663350
79,PASAULE,,2068,10511866504
80,PASAULE,,2069,10544259435
81,PASAULE,,2070,10575846551
82,PASAULE,,2071,10606640450
83,PASAULE,,2072,10636651714
84,PASAULE,,2073,10665879012
85,PASAULE,,2074,10694316774
86,PASAULE,,2075,10721963763
87,PASAULE,,2076,10748825986
88,PASAULE,,2077,10774916274
89,PASAULE,,2078,10800248725
90,PASAULE,,2079,10824840805
91,PASAULE,,2080,10848708184
92,PASAULE,,2081,10871858040
93,PASAULE,,2082,10894298619
94,PASAULE,,2083,10916049655
95,PASAULE,,2084,10937133165
96,PASAULE,,2085,10957565804
97,PASAULE,,2086,10977355755
98,PASAULE,,2087,10996502489
99,PASAULE,,2088,11015004824
100,PASAULE,,2089,11032857615
101,PASAULE,,2090,11050055193
102,PASAULE,,2091,11066592635
103,PASAULE,,2092,11082465223
104,PASAULE,,2093,11097667992
105,PASAULE,,2094,11112193711
106,PASAULE,,2095,11126032796
107,PASAULE,,2096,11139172514
108,PASAULE,,2097,11151596850
109,PASAULE,,2098,11163286403
110,PASAULE,,2099,11174218742
111,PASAULE,,2100,11184367721
112,PASAULE,PASAULE,1990,634567044
113,AFRICA,PASAULE,1991,651763106
114,AFRICA,PASAULE,1992,669221342
115,AFRICA,PASAULE,1993,686916862
116,AFRICA,PASAULE,1994,704820799
117,AFRICA,PASAULE,1995,722921961
118,AFRICA,PASAULE,1996,741220519
119,AFRICA,PASAULE,1997,759752789
120,AFRICA,PASAULE,1998,778592236
121,AFRICA,PASAULE,1999,797836027
122,AFRICA,PASAULE,2000,817566004
123,AFRICA,PASAULE,2001,837820928
124,AFRICA,PASAULE,2002,858622597
125,AFRICA,PASAULE,2003,880016866
126,AFRICA,PASAULE,2004,902048601
127,AFRICA,PASAULE,2005,924757708
128,AFRICA,PASAULE,2006,948156166
129,AFRICA,PASAULE,2007,972265961
130,AFRICA,PASAULE,2008,997144670
131,AFRICA,PASAULE,2009,1022858654
132,AFRICA,PASAULE,2010,1049446344
133,AFRICA,PASAULE,2011,1076933813
134,AFRICA,PASAULE,2012,1105285268
135,AFRICA,PASAULE,2013,1134398192
136,AFRICA,PASAULE,2014,1164129789
137,AFRICA,PASAULE,2015,1194369908
138,AFRICA,PASAULE,2016,1225080510
139,AFRICA,PASAULE,2017,1256268025
140,AFRICA,PASAULE,2018,1287920518
141,AFRICA,PASAULE,2019,1320038716
142,AFRICA,PASAULE,2020,1352622189
143,AFRICA,PASAULE,2021,1385654615
144,AFRICA,PASAULE,2022,1419122396
145,AFRICA,PASAULE,2023,1453034271
146,AFRICA,PASAULE,2024,1487406129
147,AFRICA,PASAULE,2025,1522250093
148,AFRICA,PASAULE,2026,1557562575
149,AFRICA,PASAULE,2027,1593338261
150,AFRICA,PASAULE,2028,1629585987
151,AFRICA,PASAULE,2029,1666317064
152,AFRICA,PASAULE,2030,1703537504
153,AFRICA,PASAULE,2031,1741243659
154,AFRICA,PASAULE,2032,1779425239
155,AFRICA,PASAULE,2033,1818071729
156,AFRICA,PASAULE,2034,1857169603
157,AFRICA,PASAULE,2035,1896703697
158,AFRICA,PASAULE,2036,1936661446
159,AFRICA,PASAULE,2037,1977026733
160,AFRICA,PASAULE,2038,2017774373
161,AFRICA,PASAULE,2039,2058875145
162,AFRICA,PASAULE,2040,2100301731
163,AFRICA,PASAULE,2041,2142034032
164,AFRICA,PASAULE,2042,2184052732
165,AFRICA,PASAULE,2043,2226331727
166,AFRICA,PASAULE,2044,2268843050
167,AFRICA,PASAULE,2045,2311561326
168,AFRICA,PASAULE,2046,2354463822
169,AFRICA,PASAULE,2047,2397531544
170,AFRICA,PASAULE,2048,2440746939
171,AFRICA,PASAULE,2049,2484094200
172,AFRICA,PASAULE,2050,2527556761
173,AFRICA,PASAULE,2051,2571117139
174,AFRICA,PASAULE,2052,2614755642
175,AFRICA,PASAULE,2053,2658451115
176,AFRICA,PASAULE,2054,2702181334
177,AFRICA,PASAULE,2055,2745926407
178,AFRICA,PASAULE,2056,2789666927
179,AFRICA,PASAULE,2057,2833388482
180,AFRICA,PASAULE,2058,2877081528
181,AFRICA,PASAULE,2059,2920739470
182,AFRICA,PASAULE,2060,2964353082
183,AFRICA,PASAULE,2061,3007906925
184,AFRICA,PASAULE,2062,3051382037
185,AFRICA,PASAULE,2063,3094761491
186,AFRICA,PASAULE,2064,3138027267
187,AFRICA,PASAULE,2065,3181160854
188,AFRICA,PASAULE,2066,3224145333
189,AFRICA,PASAULE,2067,3266961833
190,AFRICA,PASAULE,2068,3309587756
191,AFRICA,PASAULE,2069,3351998507
192,AFRICA,PASAULE,2070,3394171069
193,AFRICA,PASAULE,2071,3436086388
194,AFRICA,PASAULE,2072,3477726614
195,AFRICA,PASAULE,2073,3519071835
196,AFRICA,PASAULE,2074,3560101830
197,AFRICA,PASAULE,2075,3600797691
198,AFRICA,PASAULE,2076,3641141475
199,AFRICA,PASAULE,2077,3681116717
200,AFRICA,PASAULE,2078,3720708116
201,AFRICA,PASAULE,2079,3759901199
202,AFRICA,PASAULE,2080,3798681715
203,AFRICA,PASAULE,2081,3837034622
204,AFRICA,PASAULE,2082,3874945058
205,AFRICA,PASAULE,2083,3912399374
206,AFRICA,PASAULE,2084,3949384312
207,AFRICA,PASAULE,2085,3985886746
208,AFRICA,PASAULE,2086,4021894387
209,AFRICA,PASAULE,2087,4057394393
210,AFRICA,PASAULE,2088,4092373472
211,AFRICA,PASAULE,2089,4126818332
212,AFRICA,PASAULE,2090,4160716504
213,AFRICA,PASAULE,2091,4194057086
214,AFRICA,PASAULE,2092,4226830047
215,AFRICA,PASAULE,2093,4259026664
216,AFRICA,PASAULE,2094,4290638534
217,AFRICA,PASAULE,2095,4321657590
218,AFRICA,PASAULE,2096,4352075947
219,AFRICA,PASAULE,2097,4381885852
220,AFRICA,PASAULE,2098,4411079612
221,AFRICA,PASAULE,2099,4439649658
222,AFRICA,PASAULE,2100,4467588433
223,ASIA,PASAULE,1990,3221341719
224,ASIA,PASAULE,1991,3278551343
225,ASIA,PASAULE,1992,3333604095
226,ASIA,PASAULE,1993,3386759856
227,ASIA,PASAULE,1994,3438526430
228,ASIA,PASAULE,1995,3489306253
229,ASIA,PASAULE,1996,3539101069
230,ASIA,PASAULE,1997,3587833521
231,ASIA,PASAULE,1998,3635758510
232,ASIA,PASAULE,1999,3683189786
233,ASIA,PASAULE,2000,3730370625
234,ASIA,PASAULE,2001,3777425069
235,ASIA,PASAULE,2002,3824369526
236,ASIA,PASAULE,2003,3871201740
237,ASIA,PASAULE,2004,3917871151
238,ASIA,PASAULE,2005,3964342662
239,ASIA,PASAULE,2006,4010602667
240,ASIA,PASAULE,2007,4056684697
241,ASIA,PASAULE,2008,4102643673
242,ASIA,PASAULE,2009,4148549798
243,ASIA,PASAULE,2010,4194425212
244,ASIA,PASAULE,2011,4240280976
245,ASIA,PASAULE,2012,4286014730
246,ASIA,PASAULE,2013,4331391205
247,ASIA,PASAULE,2014,4376099655
248,ASIA,PASAULE,2015,4419897601
249,ASIA,PASAULE,2016,4462676731
250,ASIA,PASAULE,2017,4504428373
251,ASIA,PASAULE,2018,4545133094
252,ASIA,PASAULE,2019,4584807072
253,ASIA,PASAULE,2020,4623454191
254,ASIA,PASAULE,2021,4661038369
255,ASIA,PASAULE,2022,4697504814
256,ASIA,PASAULE,2023,4732823225
257,ASIA,PASAULE,2024,4766965112
258,ASIA,PASAULE,2025,4799909855
259,ASIA,PASAULE,2026,4831638139
260,ASIA,PASAULE,2027,4862147053
261,ASIA,PASAULE,2028,4891455202
262,ASIA,PASAULE,2029,4919593554
263,ASIA,PASAULE,2030,4946586362
264,ASIA,PASAULE,2031,4972442842
265,ASIA,PASAULE,2032,4997160559
266,ASIA,PASAULE,2033,5020740081
267,ASIA,PASAULE,2034,5043179046
268,ASIA,PASAULE,2035,5064479825
269,ASIA,PASAULE,2036,5084644871
270,ASIA,PASAULE,2037,5103689081
271,ASIA,PASAULE,2038,5121642440
272,ASIA,PASAULE,2039,5138542949
273,ASIA,PASAULE,2040,5154419096
274,ASIA,PASAULE,2041,5169286149
275,ASIA,PASAULE,2042,5183143256
276,ASIA,PASAULE,2043,5195983342
277,ASIA,PASAULE,2044,5207791701
278,ASIA,PASAULE,2045,5218558306
279,ASIA,PASAULE,2046,5228289869
280,ASIA,PASAULE,2047,5236996045
281,ASIA,PASAULE,2048,5244673469
282,ASIA,PASAULE,2049,5251317241
283,ASIA,PASAULE,2050,5256927499
284,ASIA,PASAULE,2051,5261515607
285,ASIA,PASAULE,2052,5265097185
286,ASIA,PASAULE,2053,5267683934
287,ASIA,PASAULE,2054,5269289277
288,ASIA,PASAULE,2055,5269931516
289,ASIA,PASAULE,2056,5269628678
290,ASIA,PASAULE,2057,5268409586
291,ASIA,PASAULE,2058,5266317671
292,ASIA,PASAULE,2059,5263404552
293,ASIA,PASAULE,2060,5259717370
294,ASIA,PASAULE,2061,5255287955
295,ASIA,PASAULE,2062,5250143673
296,ASIA,PASAULE,2063,5244322397
297,ASIA,PASAULE,2064,5237862657
298,ASIA,PASAULE,2065,5230800359
299,ASIA,PASAULE,2066,5223166165
300,ASIA,PASAULE,2067,5214987721
301,ASIA,PASAULE,2068,5206293106
302,ASIA,PASAULE,2069,5197108684
303,ASIA,PASAULE,2070,5187459467
304,ASIA,PASAULE,2071,5177373292
305,ASIA,PASAULE,2072,5166873160
306,ASIA,PASAULE,2073,5155972374
307,ASIA,PASAULE,2074,5144679884
308,ASIA,PASAULE,2075,5133008396
309,ASIA,PASAULE,2076,5120977429
310,ASIA,PASAULE,2077,5108613245
311,ASIA,PASAULE,2078,5095943554
312,ASIA,PASAULE,2079,5082998953
313,ASIA,PASAULE,2080,5069807932
314,ASIA,PASAULE,2081,5056389788
315,ASIA,PASAULE,2082,5042764230
316,ASIA,PASAULE,2083,5028959920
317,ASIA,PASAULE,2084,5015007298
318,ASIA,PASAULE,2085,5000931899
319,ASIA,PASAULE,2086,4986751876
320,ASIA,PASAULE,2087,4972478089
321,ASIA,PASAULE,2088,4958119157
322,ASIA,PASAULE,2089,4943679711
323,ASIA,PASAULE,2090,4929164111
324,ASIA,PASAULE,2091,4914577565
325,ASIA,PASAULE,2092,4899925891
326,ASIA,PASAULE,2093,4885214449
327,ASIA,PASAULE,2094,4870446803
328,ASIA,PASAULE,2095,4855623778
329,ASIA,PASAULE,2096,4840743181
330,ASIA,PASAULE,2097,4825799644
331,ASIA,PASAULE,2098,4810784049
332,ASIA,PASAULE,2099,4795684390
333,ASIA,PASAULE,2100,4780484993
334,AUSTRALIA,PASAULE,1990,17041431
335,AUSTRALIA,PASAULE,1991,17271874
336,AUSTRALIA,PASAULE,1992,17485948
337,AUSTRALIA,PASAULE,1993,17687479
338,AUSTRALIA,PASAULE,1994,17882737
339,AUSTRALIA,PASAULE,1995,18076743
340,AUSTRALIA,PASAULE,1996,18271685
341,AUSTRALIA,PASAULE,1997,18467588
342,AUSTRALIA,PASAULE,1998,18665045
343,AUSTRALIA,PASAULE,1999,18864112
344,AUSTRALIA,PASAULE,2000,19065837
345,AUSTRALIA,PASAULE,2001,19268533
346,AUSTRALIA,PASAULE,2002,19475191
347,AUSTRALIA,PASAULE,2003,19696972
348,AUSTRALIA,PASAULE,2004,19948429
349,AUSTRALIA,PASAULE,2005,20238903
350,AUSTRALIA,PASAULE,2006,20573606
351,AUSTRALIA,PASAULE,2007,20946664
352,AUSTRALIA,PASAULE,2008,21342493
353,AUSTRALIA,PASAULE,2009,21739040
354,AUSTRALIA,PASAULE,2010,22120064
355,AUSTRALIA,PASAULE,2011,22479799
356,AUSTRALIA,PASAULE,2012,22821849
357,AUSTRALIA,PASAULE,2013,23150729
358,AUSTRALIA,PASAULE,2014,23474668
359,AUSTRALIA,PASAULE,2015,23799556
360,AUSTRALIA,PASAULE,2016,24125848
361,AUSTRALIA,PASAULE,2017,24450561
362,AUSTRALIA,PASAULE,2018,24772247
363,AUSTRALIA,PASAULE,2019,25088636
364,AUSTRALIA,PASAULE,2020,25398177
365,AUSTRALIA,PASAULE,2021,25700455
366,AUSTRALIA,PASAULE,2022,25996287
367,AUSTRALIA,PASAULE,2023,26286687
368,AUSTRALIA,PASAULE,2024,26573232
369,AUSTRALIA,PASAULE,2025,26857068
370,AUSTRALIA,PASAULE,2026,27138610
371,AUSTRALIA,PASAULE,2027,27417603
372,AUSTRALIA,PASAULE,2028,27693680
373,AUSTRALIA,PASAULE,2029,27966193
374,AUSTRALIA,PASAULE,2030,28234742
375,AUSTRALIA,PASAULE,2031,28499354
376,AUSTRALIA,PASAULE,2032,28760433
377,AUSTRALIA,PASAULE,2033,29018332
378,AUSTRALIA,PASAULE,2034,29273531
379,AUSTRALIA,PASAULE,2035,29526448
380,AUSTRALIA,PASAULE,2036,29777258
381,AUSTRALIA,PASAULE,2037,30026101
382,AUSTRALIA,PASAULE,2038,30273354
383,AUSTRALIA,PASAULE,2039,30519420
384,AUSTRALIA,PASAULE,2040,30764641
385,AUSTRALIA,PASAULE,2041,31009076
386,AUSTRALIA,PASAULE,2042,31252803
387,AUSTRALIA,PASAULE,2043,31496058
388,AUSTRALIA,PASAULE,2044,31739106
389,AUSTRALIA,PASAULE,2045,31982056
390,AUSTRALIA,PASAULE,2046,32225028
391,AUSTRALIA,PASAULE,2047,32467814
392,AUSTRALIA,PASAULE,2048,32709660
393,AUSTRALIA,PASAULE,2049,32949581
394,AUSTRALIA,PASAULE,2050,33186818
395,AUSTRALIA,PASAULE,2051,33421076
396,AUSTRALIA,PASAULE,2052,33652432
397,AUSTRALIA,PASAULE,2053,33880899
398,AUSTRALIA,PASAULE,2054,34106656
399,AUSTRALIA,PASAULE,2055,34329789
400,AUSTRALIA,PASAULE,2056,34550281
401,AUSTRALIA,PASAULE,2057,34767994
402,AUSTRALIA,PASAULE,2058,34982925
403,AUSTRALIA,PASAULE,2059,35195073
404,AUSTRALIA,PASAULE,2060,35404457
405,AUSTRALIA,PASAULE,2061,35611058
406,AUSTRALIA,PASAULE,2062,35814913
407,AUSTRALIA,PASAULE,2063,36016123
408,AUSTRALIA,PASAULE,2064,36214816
409,AUSTRALIA,PASAULE,2065,36411095
410,AUSTRALIA,PASAULE,2066,36604991
411,AUSTRALIA,PASAULE,2067,36796486
412,AUSTRALIA,PASAULE,2068,36985644
413,AUSTRALIA,PASAULE,2069,37172476
414,AUSTRALIA,PASAULE,2070,37357006
415,AUSTRALIA,PASAULE,2071,37539281
416,AUSTRALIA,PASAULE,2072,37719288
417,AUSTRALIA,PASAULE,2073,37896886
418,AUSTRALIA,PASAULE,2074,38071907
419,AUSTRALIA,PASAULE,2075,38244210
420,AUSTRALIA,PASAULE,2076,38413784
421,AUSTRALIA,PASAULE,2077,38580707
422,AUSTRALIA,PASAULE,2078,38745050
423,AUSTRALIA,PASAULE,2079,38906940
424,AUSTRALIA,PASAULE,2080,39066484
425,AUSTRALIA,PASAULE,2081,39223699
426,AUSTRALIA,PASAULE,2082,39378635
427,AUSTRALIA,PASAULE,2083,39531465
428,AUSTRALIA,PASAULE,2084,39682430
429,AUSTRALIA,PASAULE,2085,39831668
430,AUSTRALIA,PASAULE,2086,39979245
431,AUSTRALIA,PASAULE,2087,40125120
432,AUSTRALIA,PASAULE,2088,40269290
433,AUSTRALIA,PASAULE,2089,40411716
434,AUSTRALIA,PASAULE,2090,40552333
435,AUSTRALIA,PASAULE,2091,40691076
436,AUSTRALIA,PASAULE,2092,40827875
437,AUSTRALIA,PASAULE,2093,40962609
438,AUSTRALIA,PASAULE,2094,41095166
439,AUSTRALIA,PASAULE,2095,41225397
440,AUSTRALIA,PASAULE,2096,41353126
441,AUSTRALIA,PASAULE,2097,41478159
442,AUSTRALIA,PASAULE,2098,41600256
443,AUSTRALIA,PASAULE,2099,41719156
444,AUSTRALIA,PASAULE,2100,41834586
445,EUROPE,PASAULE,1990,721698587
446,EUROPE,PASAULE,1991,723653725
447,EUROPE,PASAULE,1992,725300091
448,EUROPE,PASAULE,1993,726604118
449,EUROPE,PASAULE,1994,727533923
450,EUROPE,PASAULE,1995,728084593
451,EUROPE,PASAULE,1996,728232510
452,EUROPE,PASAULE,1997,728031016
453,EUROPE,PASAULE,1998,727650060
454,EUROPE,PASAULE,1999,727316733
455,EUROPE,PASAULE,2000,727200939
456,EUROPE,PASAULE,2001,727354723
457,EUROPE,PASAULE,2002,727754272
458,EUROPE,PASAULE,2003,728396633
459,EUROPE,PASAULE,2004,729252505
460,EUROPE,PASAULE,2005,730289682
461,EUROPE,PASAULE,2006,731530909
462,EUROPE,PASAULE,2007,732963756
463,EUROPE,PASAULE,2008,734474490
464,EUROPE,PASAULE,2009,735911175
465,EUROPE,PASAULE,2010,737163580
466,EUROPE,PASAULE,2011,738177804
467,EUROPE,PASAULE,2012,738976542
468,EUROPE,PASAULE,2013,739621182
469,EUROPE,PASAULE,2014,740210730
470,EUROPE,PASAULE,2015,740813959
471,EUROPE,PASAULE,2016,741447158
472,EUROPE,PASAULE,2017,742073853
473,EUROPE,PASAULE,2018,742648010
474,EUROPE,PASAULE,2019,743102600
475,EUROPE,PASAULE,2020,743390045
476,EUROPE,PASAULE,2021,743496123
477,EUROPE,PASAULE,2022,743438071
478,EUROPE,PASAULE,2023,743238044
479,EUROPE,PASAULE,2024,742931108
480,EUROPE,PASAULE,2025,742543943
481,EUROPE,PASAULE,2026,742084455
482,EUROPE,PASAULE,2027,741547811
483,EUROPE,PASAULE,2028,740933049
484,EUROPE,PASAULE,2029,740236038
485,EUROPE,PASAULE,2030,739455618
486,EUROPE,PASAULE,2031,738594649
487,EUROPE,PASAULE,2032,737662133
488,EUROPE,PASAULE,2033,736669558
489,EUROPE,PASAULE,2034,735631399
490,EUROPE,PASAULE,2035,734559259
491,EUROPE,PASAULE,2036,733458059
492,EUROPE,PASAULE,2037,732329790
493,EUROPE,PASAULE,2038,731178888
494,EUROPE,PASAULE,2039,730009261
495,EUROPE,PASAULE,2040,728823373
496,EUROPE,PASAULE,2041,727623603
497,EUROPE,PASAULE,2042,726409818
498,EUROPE,PASAULE,2043,725178432
499,EUROPE,PASAULE,2044,723923916
500,EUROPE,PASAULE,2045,722641296
501,EUROPE,PASAULE,2046,721330282
502,EUROPE,PASAULE,2047,719989731
503,EUROPE,PASAULE,2048,718613112
504,EUROPE,PASAULE,2049,717192185
505,EUROPE,PASAULE,2050,715721014
506,EUROPE,PASAULE,2051,714198650
507,EUROPE,PASAULE,2052,712626791
508,EUROPE,PASAULE,2053,711006293
509,EUROPE,PASAULE,2054,709338970
510,EUROPE,PASAULE,2055,707627727
511,EUROPE,PASAULE,2056,705874906
512,EUROPE,PASAULE,2057,704084680
513,EUROPE,PASAULE,2058,702264549
514,EUROPE,PASAULE,2059,700423794
515,EUROPE,PASAULE,2060,698571108
516,EUROPE,PASAULE,2061,696711606
517,EUROPE,PASAULE,2062,694850970
518,EUROPE,PASAULE,2063,692999221
519,EUROPE,PASAULE,2064,691167491
520,EUROPE,PASAULE,2065,689365386
521,EUROPE,PASAULE,2066,687598853
522,EUROPE,PASAULE,2067,685871998
523,EUROPE,PASAULE,2068,684189718
524,EUROPE,PASAULE,2069,682556372
525,EUROPE,PASAULE,2070,680975519
526,EUROPE,PASAULE,2071,679450314
527,EUROPE,PASAULE,2072,677982921
528,EUROPE,PASAULE,2073,676574419
529,EUROPE,PASAULE,2074,675224838
530,EUROPE,PASAULE,2075,673934026
531,EUROPE,PASAULE,2076,672702079
532,EUROPE,PASAULE,2077,671528585
533,EUROPE,PASAULE,2078,670411475
534,EUROPE,PASAULE,2079,669348210
535,EUROPE,PASAULE,2080,668335805
536,EUROPE,PASAULE,2081,667372242
537,EUROPE,PASAULE,2082,666454873
538,EUROPE,PASAULE,2083,665580428
539,EUROPE,PASAULE,2084,664744995
540,EUROPE,PASAULE,2085,663944660
541,EUROPE,PASAULE,2086,663176207
542,EUROPE,PASAULE,2087,662435839
543,EUROPE,PASAULE,2088,661718307
544,EUROPE,PASAULE,2089,661017709
545,EUROPE,PASAULE,2090,660328638
546,EUROPE,PASAULE,2091,659646778
547,EUROPE,PASAULE,2092,658968455
548,EUROPE,PASAULE,2093,658290526
549,EUROPE,PASAULE,2094,657609954
550,EUROPE,PASAULE,2095,656923489
551,EUROPE,PASAULE,2096,656227522
552,EUROPE,PASAULE,2097,655517997
553,EUROPE,PASAULE,2098,654790448
554,EUROPE,PASAULE,2099,654039965
555,EUROPE,PASAULE,2100,653261252
556,NA,PASAULE,1990,280345440
557,NA,PASAULE,1991,283142820
558,NA,PASAULE,1992,285962467
559,NA,PASAULE,1993,288855675
560,NA,PASAULE,1994,291892257
561,NA,PASAULE,1995,295113733
562,NA,PASAULE,1996,298550675
563,NA,PASAULE,1997,302165132
564,NA,PASAULE,1998,305846481
565,NA,PASAULE,1999,309442255
566,NA,PASAULE,2000,312845026
567,NA,PASAULE,2001,316004041
568,NA,PASAULE,2002,318955126
569,NA,PASAULE,2003,321783263
570,NA,PASAULE,2004,324616926
571,NA,PASAULE,2005,327545823
572,NA,PASAULE,2006,330601133
573,NA,PASAULE,2007,333743187
574,NA,PASAULE,2008,336906350
575,NA,PASAULE,2009,339993501
576,NA,PASAULE,2010,342936927
577,NA,PASAULE,2011,345716402
578,NA,PASAULE,2012,348362053
579,NA,PASAULE,2013,350917629
580,NA,PASAULE,2014,353448548
581,NA,PASAULE,2015,356003541
582,NA,PASAULE,2016,356003541
583,NA,PASAULE,2017,358593810
584,NA,PASAULE,2018,361207811
585,NA,PASAULE,2019,363844490
586,NA,PASAULE,2020,366496802
587,NA,PASAULE,2021,369158557
588,NA,PASAULE,2022,371831167
589,NA,PASAULE,2023,374515789
590,NA,PASAULE,2024,377204514
591,NA,PASAULE,2025,379886626
592,NA,PASAULE,2026,382552713
593,NA,PASAULE,2027,385199168
594,NA,PASAULE,2028,387822371
595,NA,PASAULE,2029,390412655
596,NA,PASAULE,2030,392958962
597,NA,PASAULE,2031,395452585
598,NA,PASAULE,2032,397888967
599,NA,PASAULE,2033,400266749
600,NA,PASAULE,2034,402584872
601,NA,PASAULE,2035,404843818
602,NA,PASAULE,2036,407044282
603,NA,PASAULE,2037,409186175
604,NA,PASAULE,2038,411269704
605,NA,PASAULE,2039,413296828
606,NA,PASAULE,2040,415270358
607,NA,PASAULE,2041,417193461
608,NA,PASAULE,2042,419067790
609,NA,PASAULE,2043,420896686
610,NA,PASAULE,2044,422687354
611,NA,PASAULE,2045,424448545
612,NA,PASAULE,2046,426187589
613,NA,PASAULE,2047,427908777
614,NA,PASAULE,2048,429614177
615,NA,PASAULE,2049,431306027
616,NA,PASAULE,2050,432985692
617,NA,PASAULE,2051,434654823
618,NA,PASAULE,2052,436315119
619,NA,PASAULE,2053,437969357
620,NA,PASAULE,2054,439621349
621,NA,PASAULE,2055,441275406
622,NA,PASAULE,2056,442934582
623,NA,PASAULE,2057,444600060
624,NA,PASAULE,2058,446271190
625,NA,PASAULE,2059,447946619
626,NA,PASAULE,2060,449623914
627,NA,PASAULE,2061,451300682
628,NA,PASAULE,2062,452975584
629,NA,PASAULE,2063,454647119
630,NA,PASAULE,2064,456312214
631,NA,PASAULE,2065,457967344
632,NA,PASAULE,2066,459609000
633,NA,PASAULE,2067,461235306
634,NA,PASAULE,2068,462843646
635,NA,PASAULE,2069,464428801
636,NA,PASAULE,2070,465984687
637,NA,PASAULE,2071,467506529
638,NA,PASAULE,2072,468991759
639,NA,PASAULE,2073,470439595
640,NA,PASAULE,2074,471849392
641,NA,PASAULE,2075,473221330
642,NA,PASAULE,2076,474555598
643,NA,PASAULE,2077,475852019
644,NA,PASAULE,2078,477110347
645,NA,PASAULE,2079,478331040
646,NA,PASAULE,2080,479514745
647,NA,PASAULE,2081,480662569
648,NA,PASAULE,2082,481775308
649,NA,PASAULE,2083,482854608
650,NA,PASAULE,2084,483903562
651,NA,PASAULE,2085,484926001
652,NA,PASAULE,2086,485925249
653,NA,PASAULE,2087,486902690
654,NA,PASAULE,2088,487859741
655,NA,PASAULE,2089,488799942
656,NA,PASAULE,2090,489727291
657,NA,PASAULE,2091,490644725
658,NA,PASAULE,2092,491553581
659,NA,PASAULE,2093,492453869
660,NA,PASAULE,2094,493344549
661,NA,PASAULE,2095,494224133
662,NA,PASAULE,2096,495091140
663,NA,PASAULE,2097,495944182
664,NA,PASAULE,2098,496782118
665,NA,PASAULE,2099,497604064
666,NA,PASAULE,2100,498409370
667,SA,PASAULE,1990,296950815
668,SA,PASAULE,1991,302350932
669,SA,PASAULE,1992,307708362
670,SA,PASAULE,1993,313029112
671,SA,PASAULE,1994,318322945
672,SA,PASAULE,1995,323595244
673,SA,PASAULE,1996,328846881
674,SA,PASAULE,1997,334069539
675,SA,PASAULE,1998,339248255
676,SA,PASAULE,1999,344363019
677,SA,PASAULE,2000,349398761
678,SA,PASAULE,2001,354352276
679,SA,PASAULE,2002,359225252
680,SA,PASAULE,2003,364013849
681,SA,PASAULE,2004,368715053
682,SA,PASAULE,2005,373328523
683,SA,PASAULE,2006,377848083
684,SA,PASAULE,2007,382277872
685,SA,PASAULE,2008,386640742
686,SA,PASAULE,2009,390967784
687,SA,PASAULE,2010,395280204
688,SA,PASAULE,2011,399586154
689,SA,PASAULE,2012,403876144
690,SA,PASAULE,2013,408131634
691,SA,PASAULE,2014,412325321
692,SA,PASAULE,2015,416436111
693,SA,PASAULE,2016,416436111
694,SA,PASAULE,2017,420458044
695,SA,PASAULE,2018,424393617
696,SA,PASAULE,2019,428240515
697,SA,PASAULE,2020,431998475
698,SA,PASAULE,2021,435666848
699,SA,PASAULE,2022,439242387
700,SA,PASAULE,2023,442721924
701,SA,PASAULE,2024,446105542
702,SA,PASAULE,2025,449394214
703,SA,PASAULE,2026,452588454
704,SA,PASAULE,2027,455687542
705,SA,PASAULE,2028,458689848
706,SA,PASAULE,2029,461593841
707,SA,PASAULE,2030,464397646
708,SA,PASAULE,2031,467099885
709,SA,PASAULE,2032,469699821
710,SA,PASAULE,2033,472197420
711,SA,PASAULE,2034,474592755
712,SA,PASAULE,2035,476886292
713,SA,PASAULE,2036,479078441
714,SA,PASAULE,2037,481169274
715,SA,PASAULE,2038,483158791
716,SA,PASAULE,2039,485047166
717,SA,PASAULE,2040,486834512
718,SA,PASAULE,2041,488521196
719,SA,PASAULE,2042,490107457
720,SA,PASAULE,2043,491594046
721,SA,PASAULE,2044,492981963
722,SA,PASAULE,2045,494272554
723,SA,PASAULE,2046,495466983
724,SA,PASAULE,2047,496565973
725,SA,PASAULE,2048,497570083
726,SA,PASAULE,2049,498480000
727,SA,PASAULE,2050,499296410
728,SA,PASAULE,2051,500019962
729,SA,PASAULE,2052,500651572
730,SA,PASAULE,2053,501191858
731,SA,PASAULE,2054,501641059
732,SA,PASAULE,2055,501999233
733,SA,PASAULE,2056,502266714
734,SA,PASAULE,2057,502444234
735,SA,PASAULE,2058,502532929
736,SA,PASAULE,2059,502533776
737,SA,PASAULE,2060,502447987
738,SA,PASAULE,2061,502276716
739,SA,PASAULE,2062,502021303
740,SA,PASAULE,2063,501683059
741,SA,PASAULE,2064,501263326
742,SA,PASAULE,2065,500763509
743,SA,PASAULE,2066,500185207
744,SA,PASAULE,2067,499530182
745,SA,PASAULE,2068,498800389
746,SA,PASAULE,2069,497997780
747,SA,PASAULE,2070,497124310
748,SA,PASAULE,2071,496182182
749,SA,PASAULE,2072,495173651
750,SA,PASAULE,2073,494101362
751,SA,PASAULE,2074,492968146
752,SA,PASAULE,2075,491777167
753,SA,PASAULE,2076,490531516
754,SA,PASAULE,2077,489234001
755,SA,PASAULE,2078,487887567
756,SA,PASAULE,2079,486495622
757,SA,PASAULE,2080,485061851
758,SA,PASAULE,2081,483589678
759,SA,PASAULE,2082,482082135
760,SA,PASAULE,2083,480542102
761,SA,PASAULE,2084,478973019
762,SA,PASAULE,2085,477378323
763,SA,PASAULE,2086,475761234
764,SA,PASAULE,2087,474124473
765,SA,PASAULE,2088,472470405
766,SA,PASAULE,2089,470801813
767,SA,PASAULE,2090,469121334
768,SA,PASAULE,2091,467431443
769,SA,PASAULE,2092,465734077
770,SA,PASAULE,2093,464030931
771,SA,PASAULE,2094,462323397
772,SA,PASAULE,2095,460612667
773,SA,PASAULE,2096,458899814
774,SA,PASAULE,2097,457185775
775,SA,PASAULE,2098,455471391
776,SA,PASAULE,2099,453757446
777,SA,PASAULE,2100,452044619
778,CHINA,PASAULE,1990,1172445200
779,CHINA,PASAULE,1991,1189183522
780,CHINA,PASAULE,1992,1204003901
781,CHINA,PASAULE,1993,1217129133
782,CHINA,PASAULE,1994,1228991932
783,CHINA,PASAULE,1995,1239940004
784,CHINA,PASAULE,1996,1249981441
785,CHINA,PASAULE,1997,1259066974
786,CHINA,PASAULE,1998,1267441503
787,CHINA,PASAULE,1999,1275406699
788,CHINA,PASAULE,2000,1283198970
789,CHINA,PASAULE,2001,1290937649
790,CHINA,PASAULE,2002,1298646577
791,CHINA,PASAULE,2003,1306343911
792,CHINA,PASAULE,2004,1314007478
793,CHINA,PASAULE,2005,1321623490
794,CHINA,PASAULE,2006,1329209094
795,CHINA,PASAULE,2007,1336800506
796,CHINA,PASAULE,2008,1344415227
797,CHINA,PASAULE,2009,1352068091
798,CHINA,PASAULE,2010,1359755102
799,CHINA,PASAULE,2011,1367480264
800,CHINA,PASAULE,2012,1375198619
801,CHINA,PASAULE,2013,1382793212
802,CHINA,PASAULE,2014,1390110388
803,CHINA,PASAULE,2015,1397028553
804,CHINA,PASAULE,2016,1397028553
805,CHINA,PASAULE,2017,1403500365
806,CHINA,PASAULE,2018,1409517397
807,CHINA,PASAULE,2019,1415045928
808,CHINA,PASAULE,2020,1420062022
809,CHINA,PASAULE,2021,1424548266
810,CHINA,PASAULE,2022,1428480534
811,CHINA,PASAULE,2023,1431849651
812,CHINA,PASAULE,2024,1434676116
813,CHINA,PASAULE,2025,1436995094
814,CHINA,PASAULE,2026,1438835697
815,CHINA,PASAULE,2027,1440205376
816,CHINA,PASAULE,2028,1441105792
817,CHINA,PASAULE,2029,1441555143
818,CHINA,PASAULE,2030,1441574218
819,CHINA,PASAULE,2031,1441181813
820,CHINA,PASAULE,2032,1440391650
821,CHINA,PASAULE,2033,1439215347
822,CHINA,PASAULE,2034,1437667004
823,CHINA,PASAULE,2035,1435760478
824,CHINA,PASAULE,2036,1433508888
825,CHINA,PASAULE,2037,1430922498
826,CHINA,PASAULE,2038,1428012154
827,CHINA,PASAULE,2039,1424791461
828,CHINA,PASAULE,2040,1421274537
829,CHINA,PASAULE,2041,1417472814
830,CHINA,PASAULE,2042,1413396936
831,CHINA,PASAULE,2043,1409051555
832,CHINA,PASAULE,2044,1404434236
833,CHINA,PASAULE,2045,1399538493
834,CHINA,PASAULE,2046,1394361025
835,CHINA,PASAULE,2047,1388909186
836,CHINA,PASAULE,2048,1383191989
837,CHINA,PASAULE,2049,1377210270
838,CHINA,PASAULE,2050,1370963871
839,CHINA,PASAULE,2051,1364456723
840,CHINA,PASAULE,2052,1357698332
841,CHINA,PASAULE,2053,1350704050
842,CHINA,PASAULE,2054,1343491986
843,CHINA,PASAULE,2055,1336083672
844,CHINA,PASAULE,2056,1328500912
845,CHINA,PASAULE,2057,1320759080
846,CHINA,PASAULE,2058,1312877134
847,CHINA,PASAULE,2059,1304885395
848,CHINA,PASAULE,2060,1296818439
849,CHINA,PASAULE,2061,1288706557
850,CHINA,PASAULE,2062,1280567920
851,CHINA,PASAULE,2063,1272417590
852,CHINA,PASAULE,2064,1264278114
853,CHINA,PASAULE,2065,1256172116
854,CHINA,PASAULE,2066,1248117944
855,CHINA,PASAULE,2067,1240129971
856,CHINA,PASAULE,2068,1232215578
857,CHINA,PASAULE,2069,1224376041
858,CHINA,PASAULE,2070,1216607940
859,CHINA,PASAULE,2071,1208908827
860,CHINA,PASAULE,2072,1201285224
861,CHINA,PASAULE,2073,1193741774
862,CHINA,PASAULE,2074,1186271236
863,CHINA,PASAULE,2075,1178862711
864,CHINA,PASAULE,2076,1171509615
865,CHINA,PASAULE,2077,1164212104
866,CHINA,PASAULE,2078,1156977361
867,CHINA,PASAULE,2079,1149814677
868,CHINA,PASAULE,2080,1142736651
869,CHINA,PASAULE,2081,1135754217
870,CHINA,PASAULE,2082,1128870924
871,CHINA,PASAULE,2083,1122090279
872,CHINA,PASAULE,2084,1115423052
873,CHINA,PASAULE,2085,1108881678
874,CHINA,PASAULE,2086,1102475450
875,CHINA,PASAULE,2087,1096205865
876,CHINA,PASAULE,2088,1090072306
877,CHINA,PASAULE,2089,1084078362
878,CHINA,PASAULE,2090,1078227261
879,CHINA,PASAULE,2091,1072518595
880,CHINA,PASAULE,2092,1066947246
881,CHINA,PASAULE,2093,1061503776
882,CHINA,PASAULE,2094,1056175304
883,CHINA,PASAULE,2095,1050946575
884,CHINA,PASAULE,2096,1045800902
885,CHINA,PASAULE,2097,1040720508
886,CHINA,PASAULE,2098,1035686713
887,CHINA,PASAULE,2099,1030679993
888,CHINA,PASAULE,2100,1025679938
889,INDIA,PASAULE,1990,870133480
890,INDIA,PASAULE,1991,888054875
891,INDIA,PASAULE,1992,906021106
892,INDIA,PASAULE,1993,924057817
893,INDIA,PASAULE,1994,942204249
894,INDIA,PASAULE,1995,960482795
895,INDIA,PASAULE,1996,978893217
896,INDIA,PASAULE,1997,997405318
897,INDIA,PASAULE,1998,1015974042
898,INDIA,PASAULE,1999,1034539214
899,INDIA,PASAULE,2000,1053050912
900,INDIA,PASAULE,2001,1071477855
901,INDIA,PASAULE,2002,1089807112
902,INDIA,PASAULE,2003,1108027848
903,INDIA,PASAULE,2004,1126135777
904,INDIA,PASAULE,2005,1144118674
905,INDIA,PASAULE,2006,1161977719
906,INDIA,PASAULE,2007,1179681239
907,INDIA,PASAULE,2008,1197146906
908,INDIA,PASAULE,2009,1214270132
909,INDIA,PASAULE,2010,1230980691
910,INDIA,PASAULE,2011,1247236029
911,INDIA,PASAULE,2012,1263065852
912,INDIA,PASAULE,2013,1278562207
913,INDIA,PASAULE,2014,1293859294
914,INDIA,PASAULE,2015,1309053980
915,INDIA,PASAULE,2016,1324171354
916,INDIA,PASAULE,2017,1339180127
917,INDIA,PASAULE,2018,1354051854
918,INDIA,PASAULE,2019,1368737513
919,INDIA,PASAULE,2020,1383197753
920,INDIA,PASAULE,2021,1397423009
921,INDIA,PASAULE,2022,1411415296
922,INDIA,PASAULE,2023,1425158481
923,INDIA,PASAULE,2024,1438635367
924,INDIA,PASAULE,2025,1451829004
925,INDIA,PASAULE,2026,1464726099
926,INDIA,PASAULE,2027,1477311590
927,INDIA,PASAULE,2028,1489564612
928,INDIA,PASAULE,2029,1501462374
929,INDIA,PASAULE,2030,1512985207
930,INDIA,PASAULE,2031,1524123804
931,INDIA,PASAULE,2032,1534869174
932,INDIA,PASAULE,2033,1545203584
933,INDIA,PASAULE,2034,1555108108
934,INDIA,PASAULE,2035,1564570223
935,INDIA,PASAULE,2036,1573581733
936,INDIA,PASAULE,2037,1582146821
937,INDIA,PASAULE,2038,1590281887
938,INDIA,PASAULE,2039,1598011486
939,INDIA,PASAULE,2040,1605355574
940,INDIA,PASAULE,2041,1612319846
941,INDIA,PASAULE,2042,1618905536
942,INDIA,PASAULE,2043,1625123097
943,INDIA,PASAULE,2044,1630983670
944,INDIA,PASAULE,2045,1636496308
945,INDIA,PASAULE,2046,1641666866
946,INDIA,PASAULE,2047,1646498484
947,INDIA,PASAULE,2048,1650993654
948,INDIA,PASAULE,2049,1655153372
949,INDIA,PASAULE,2050,1658978162
950,INDIA,PASAULE,2051,1662471555
951,INDIA,PASAULE,2052,1665634474
952,INDIA,PASAULE,2053,1668461495
953,INDIA,PASAULE,2054,1670944584
954,INDIA,PASAULE,2055,1673078321
955,INDIA,PASAULE,2056,1674862507
956,INDIA,PASAULE,2057,1676300456
957,INDIA,PASAULE,2058,1677394788
958,INDIA,PASAULE,2059,1678149384
959,INDIA,PASAULE,2060,1678568111
960,INDIA,PASAULE,2061,1678655989
961,INDIA,PASAULE,2062,1678416452
962,INDIA,PASAULE,2063,1677850625
963,INDIA,PASAULE,2064,1676958866
964,INDIA,PASAULE,2065,1675744291
965,INDIA,PASAULE,2066,1674212113
966,INDIA,PASAULE,2067,1672372856
967,INDIA,PASAULE,2068,1670242036
968,INDIA,PASAULE,2069,1667838579
969,INDIA,PASAULE,2070,1665179391
970,INDIA,PASAULE,2071,1662275880
971,INDIA,PASAULE,2072,1659137008
972,INDIA,PASAULE,2073,1655774546
973,INDIA,PASAULE,2074,1652200108
974,INDIA,PASAULE,2075,1648425091
975,INDIA,PASAULE,2076,1644460392
976,INDIA,PASAULE,2077,1640316937
977,INDIA,PASAULE,2078,1636006071
978,INDIA,PASAULE,2079,1631539153
979,INDIA,PASAULE,2080,1626927002
980,INDIA,PASAULE,2081,1622178968
981,INDIA,PASAULE,2082,1617304175
982,INDIA,PASAULE,2083,1612312579
983,INDIA,PASAULE,2084,1607214022
984,INDIA,PASAULE,2085,1602017424
985,INDIA,PASAULE,2086,1596732383
986,INDIA,PASAULE,2087,1591365736
987,INDIA,PASAULE,2088,1585920202
988,INDIA,PASAULE,2089,1580396453
989,INDIA,PASAULE,2090,1574797201
990,INDIA,PASAULE,2091,1569128520
991,INDIA,PASAULE,2092,1563399451
992,INDIA,PASAULE,2093,1557620765
993,INDIA,PASAULE,2094,1551803731
994,INDIA,PASAULE,2095,1545958898
995,INDIA,PASAULE,2096,1540095658
996,INDIA,PASAULE,2097,1534222029
997,INDIA,PASAULE,2098,1528344549
998,INDIA,PASAULE,2099,1522468414
999,INDIA,PASAULE,2100,1516597380
1000,USA,PASAULE,1990,252529950
1001,USA,PASAULE,1991,254974819
1002,USA,PASAULE,1992,257454273
1003,USA,PASAULE,1993,260020186
1004,USA,PASAULE,1994,262741566
1005,USA,PASAULE,1995,265658849
1006,USA,PASAULE,1996,268803424
1007,USA,PASAULE,1997,272136551
1008,USA,PASAULE,1998,275542603
1009,USA,PASAULE,1999,278862277
1010,USA,PASAULE,2000,281982778
1011,USA,PASAULE,2001,284852391
1012,USA,PASAULE,2002,287506847
1013,USA,PASAULE,2003,290027624
1014,USA,PASAULE,2004,292539324
1015,USA,PASAULE,2005,295129501
1016,USA,PASAULE,2006,297827356
1017,USA,PASAULE,2007,300595175
1018,USA,PASAULE,2008,303374067
1019,USA,PASAULE,2009,306076362
1020,USA,PASAULE,2010,308641391
1021,USA,PASAULE,2011,311051373
1022,USA,PASAULE,2012,313335423
1023,USA,PASAULE,2013,315536676
1024,USA,PASAULE,2014,317718779
1025,USA,PASAULE,2015,319929162
1026,USA,PASAULE,2016,322179605
1027,USA,PASAULE,2017,324459463
1028,USA,PASAULE,2018,326766748
1029,USA,PASAULE,2019,329093110
1030,USA,PASAULE,2020,331431534
1031,USA,PASAULE,2021,333783196
1032,USA,PASAULE,2022,336149711
1033,USA,PASAULE,2023,338523714
1034,USA,PASAULE,2024,340895345
1035,USA,PASAULE,2025,343255846
1036,USA,PASAULE,2026,345601753
1037,USA,PASAULE,2027,347929541
1038,USA,PASAULE,2028,350230259
1039,USA,PASAULE,2029,352493665
1040,USA,PASAULE,2030,354711670
1041,USA,PASAULE,2031,356879946
1042,USA,PASAULE,2032,358997015
1043,USA,PASAULE,2033,361061610
1044,USA,PASAULE,2034,363073790
1045,USA,PASAULE,2035,365033872
1046,USA,PASAULE,2036,366941644
1047,USA,PASAULE,2037,368797150
1048,USA,PASAULE,2038,370601929
1049,USA,PASAULE,2039,372358216
1050,USA,PASAULE,2040,374068752
1051,USA,PASAULE,2041,375734948
1052,USA,PASAULE,2042,377359928
1053,USA,PASAULE,2043,378950342
1054,USA,PASAULE,2044,380514372
1055,USA,PASAULE,2045,382058853
1056,USA,PASAULE,2046,383587662
1057,USA,PASAULE,2047,385102864
1058,USA,PASAULE,2048,386607164
1059,USA,PASAULE,2049,388102725
1060,USA,PASAULE,2050,389591663
1061,USA,PASAULE,2051,391075734
1062,USA,PASAULE,2052,392557264
1063,USA,PASAULE,2053,394039407
1064,USA,PASAULE,2054,395525554
1065,USA,PASAULE,2055,397018031
1066,USA,PASAULE,2056,398517824
1067,USA,PASAULE,2057,400024253
1068,USA,PASAULE,2058,401535603
1069,USA,PASAULE,2059,403049130
1070,USA,PASAULE,2060,404562225
1071,USA,PASAULE,2061,406073428
1072,USA,PASAULE,2062,407581291
1073,USA,PASAULE,2063,409082951
1074,USA,PASAULE,2064,410575088
1075,USA,PASAULE,2065,412054508
1076,USA,PASAULE,2066,413519380
1077,USA,PASAULE,2067,414967289
1078,USA,PASAULE,2068,416393634
1079,USA,PASAULE,2069,417793142
1080,USA,PASAULE,2070,419161631
1081,USA,PASAULE,2071,420496821
1082,USA,PASAULE,2072,421797950
1083,USA,PASAULE,2073,423064388
1084,USA,PASAULE,2074,424296215
1085,USA,PASAULE,2075,425493571
1086,USA,PASAULE,2076,426656272
1087,USA,PASAULE,2077,427784144
1088,USA,PASAULE,2078,428877622
1089,USA,PASAULE,2079,429937386
1090,USA,PASAULE,2080,430964445
1091,USA,PASAULE,2081,431959556
1092,USA,PASAULE,2082,432924212
1093,USA,PASAULE,2083,433861239
1094,USA,PASAULE,2084,434774094
1095,USA,PASAULE,2085,435665821
1096,USA,PASAULE,2086,436537645
1097,USA,PASAULE,2087,437390893
1098,USA,PASAULE,2088,438228865
1099,USA,PASAULE,2089,439055296
1100,USA,PASAULE,2090,439872947
1101,USA,PASAULE,2091,440683039
1102,USA,PASAULE,2092,441485506
1103,USA,PASAULE,2093,442279321
1104,USA,PASAULE,2094,443063030
1105,USA,PASAULE,2095,443835150
1106,USA,PASAULE,2096,444594339
1107,USA,PASAULE,2097,445339487
1108,USA,PASAULE,2098,446069736
1109,USA,PASAULE,2099,446784432
1110,USA,PASAULE,2100,447483156
1111,SOMALIA,PASAULE,1990,7397347
1112,SOMALIA,PASAULE,1991,7455936
1113,SOMALIA,PASAULE,1992,7488544
1114,SOMALIA,PASAULE,1993,7519811
1115,SOMALIA,PASAULE,1994,7583954
1116,SOMALIA,PASAULE,1995,7704894
1117,SOMALIA,PASAULE,1996,7892389
1118,SOMALIA,PASAULE,1997,8137475
1119,SOMALIA,PASAULE,1998,8422372
1120,SOMALIA,PASAULE,1999,8720231
1121,SOMALIA,PASAULE,2000,9011479
1122,SOMALIA,PASAULE,2001,9290823
1123,SOMALIA,PASAULE,2002,9564167
1124,SOMALIA,PASAULE,2003,9836397
1125,SOMALIA,PASAULE,2004,10116228
1126,SOMALIA,PASAULE,2005,10409925
1127,SOMALIA,PASAULE,2006,10718317
1128,SOMALIA,PASAULE,2007,11038596
1129,SOMALIA,PASAULE,2008,11369276
1130,SOMALIA,PASAULE,2009,11707990
1131,SOMALIA,PASAULE,2010,12053223
1132,SOMALIA,PASAULE,2011,12404725
1133,SOMALIA,PASAULE,2012,12763776
1134,SOMALIA,PASAULE,2013,13132349
1135,SOMALIA,PASAULE,2014,13513125
1136,SOMALIA,PASAULE,2015,13908129
1137,SOMALIA,PASAULE,2016,14317996
1138,SOMALIA,PASAULE,2017,14742523
1139,SOMALIA,PASAULE,2018,15181925
1140,SOMALIA,PASAULE,2019,15636171
1141,SOMALIA,PASAULE,2020,16105174
1142,SOMALIA,PASAULE,2021,16589196
1143,SOMALIA,PASAULE,2022,17088214
1144,SOMALIA,PASAULE,2023,17601387
1145,SOMALIA,PASAULE,2024,18127560
1146,SOMALIA,PASAULE,2025,18665849
1147,SOMALIA,PASAULE,2026,19215918
1148,SOMALIA,PASAULE,2027,19777797
1149,SOMALIA,PASAULE,2028,20351526
1150,SOMALIA,PASAULE,2029,20937235
1151,SOMALIA,PASAULE,2030,21535019
1152,SOMALIA,PASAULE,2031,22144759
1153,SOMALIA,PASAULE,2032,22766243
1154,SOMALIA,PASAULE,2033,23399316
1155,SOMALIA,PASAULE,2034,24043828
1156,SOMALIA,PASAULE,2035,24699613
1157,SOMALIA,PASAULE,2036,25366549
1158,SOMALIA,PASAULE,2037,26044595
1159,SOMALIA,PASAULE,2038,26733772
1160,SOMALIA,PASAULE,2039,27434193
1161,SOMALIA,PASAULE,2040,28145899
1162,SOMALIA,PASAULE,2041,28868760
1163,SOMALIA,PASAULE,2042,29602596
1164,SOMALIA,PASAULE,2043,30347355
1165,SOMALIA,PASAULE,2044,31102953
1166,SOMALIA,PASAULE,2045,31869275
1167,SOMALIA,PASAULE,2046,32646129
1168,SOMALIA,PASAULE,2047,33433209
1169,SOMALIA,PASAULE,2048,34230143
1170,SOMALIA,PASAULE,2049,35036488
1171,SOMALIA,PASAULE,2050,35851792
1172,SOMALIA,PASAULE,2051,36675703
1173,SOMALIA,PASAULE,2052,37507879
1174,SOMALIA,PASAULE,2053,38347878
1175,SOMALIA,PASAULE,2054,39195255
1176,SOMALIA,PASAULE,2055,40049539
1177,SOMALIA,PASAULE,2056,40910365
1178,SOMALIA,PASAULE,2057,41777303
1179,SOMALIA,PASAULE,2058,42649847
1180,SOMALIA,PASAULE,2059,43527437
1181,SOMALIA,PASAULE,2060,44409572
1182,SOMALIA,PASAULE,2061,45295820
1183,SOMALIA,PASAULE,2062,46185811
1184,SOMALIA,PASAULE,2063,47079289
1185,SOMALIA,PASAULE,2064,47976033
1186,SOMALIA,PASAULE,2065,48875776
1187,SOMALIA,PASAULE,2066,49778160
1188,SOMALIA,PASAULE,2067,50682757
1189,SOMALIA,PASAULE,2068,51589203
1190,SOMALIA,PASAULE,2069,52497144
1191,SOMALIA,PASAULE,2070,53406176
1192,SOMALIA,PASAULE,2071,54315940
1193,SOMALIA,PASAULE,2072,55225970
1194,SOMALIA,PASAULE,2073,56135826
1195,SOMALIA,PASAULE,2074,57044994
1196,SOMALIA,PASAULE,2075,57953019
1197,SOMALIA,PASAULE,2076,58859452
1198,SOMALIA,PASAULE,2077,59763861
1199,SOMALIA,PASAULE,2078,60665741
1200,SOMALIA,PASAULE,2079,61564563
1201,SOMALIA,PASAULE,2080,62459838
1202,SOMALIA,PASAULE,2081,63351057
1203,SOMALIA,PASAULE,2082,64237810
1204,SOMALIA,PASAULE,2083,65119765
1205,SOMALIA,PASAULE,2084,65996642
1206,SOMALIA,PASAULE,2085,66868091
1207,SOMALIA,PASAULE,2086,67733787
1208,SOMALIA,PASAULE,2087,68593231
1209,SOMALIA,PASAULE,2088,69445711
1210,SOMALIA,PASAULE,2089,70290422
1211,SOMALIA,PASAULE,2090,71126692
1212,SOMALIA,PASAULE,2091,71954064
1213,SOMALIA,PASAULE,2092,72772292
1214,SOMALIA,PASAULE,2093,73581259
1215,SOMALIA,PASAULE,2094,74380862
1216,SOMALIA,PASAULE,2095,75171009
1217,SOMALIA,PASAULE,2096,75951530
1218,SOMALIA,PASAULE,2097,76722209
1219,SOMALIA,PASAULE,2098,77482753
1220,SOMALIA,PASAULE,2099,78232788
1221,SOMALIA,PASAULE,2100,78971914
1222,RWANDA,PASAULE,1990,7235798
1223,RWANDA,PASAULE,1991,7051759
1224,RWANDA,PASAULE,1992,6701851
1225,RWANDA,PASAULE,1993,6299909
1226,RWANDA,PASAULE,1994,6005095
1227,RWANDA,PASAULE,1995,5928078
1228,RWANDA,PASAULE,1996,6115168
1229,RWANDA,PASAULE,1997,6522382
1230,RWANDA,PASAULE,1998,7059813
1231,RWANDA,PASAULE,1999,7593239
1232,RWANDA,PASAULE,2000,8025703
1233,RWANDA,PASAULE,2001,8329406
1234,RWANDA,PASAULE,2002,8536205
1235,RWANDA,PASAULE,2003,8680346
1236,RWANDA,PASAULE,2004,8818438
1237,RWANDA,PASAULE,2005,8991735
1238,RWANDA,PASAULE,2006,9206580
1239,RWANDA,PASAULE,2007,9447402
1240,RWANDA,PASAULE,2008,9708169
1241,RWANDA,PASAULE,2009,9977446
1242,RWANDA,PASAULE,2010,10246842
1243,RWANDA,PASAULE,2011,10516071
1244,RWANDA,PASAULE,2012,10788853
1245,RWANDA,PASAULE,2013,11065151
1246,RWANDA,PASAULE,2014,11345357
1247,RWANDA,PASAULE,2015,11629553
1248,RWANDA,PASAULE,2016,11917508
1249,RWANDA,PASAULE,2017,12208407
1250,RWANDA,PASAULE,2018,12501156
1251,RWANDA,PASAULE,2019,12794412
1252,RWANDA,PASAULE,2020,13087173
1253,RWANDA,PASAULE,2021,13378967
1254,RWANDA,PASAULE,2022,13669913
1255,RWANDA,PASAULE,2023,13960532
1256,RWANDA,PASAULE,2024,14251666
1257,RWANDA,PASAULE,2025,14543965
1258,RWANDA,PASAULE,2026,14837434
1259,RWANDA,PASAULE,2027,15131882
1260,RWANDA,PASAULE,2028,15427633
1261,RWANDA,PASAULE,2029,15725021
1262,RWANDA,PASAULE,2030,16024252
1263,RWANDA,PASAULE,2031,16325334
1264,RWANDA,PASAULE,2032,16628034
1265,RWANDA,PASAULE,2033,16932098
1266,RWANDA,PASAULE,2034,17237133
1267,RWANDA,PASAULE,2035,17542746
1268,RWANDA,PASAULE,2036,17848704
1269,RWANDA,PASAULE,2037,18154671
1270,RWANDA,PASAULE,2038,18459997
1271,RWANDA,PASAULE,2039,18763878
1272,RWANDA,PASAULE,2040,19065658
1273,RWANDA,PASAULE,2041,19364953
1274,RWANDA,PASAULE,2042,19661478
1275,RWANDA,PASAULE,2043,19954727
1276,RWANDA,PASAULE,2044,20244161
1277,RWANDA,PASAULE,2045,20529380
1278,RWANDA,PASAULE,2046,20810047
1279,RWANDA,PASAULE,2047,21086028
1280,RWANDA,PASAULE,2048,21357305
1281,RWANDA,PASAULE,2049,21623956
1282,RWANDA,PASAULE,2050,21886077
1283,RWANDA,PASAULE,2051,22143519
1284,RWANDA,PASAULE,2052,22396185
1285,RWANDA,PASAULE,2053,22644199
1286,RWANDA,PASAULE,2054,22887719
1287,RWANDA,PASAULE,2055,23126854
1288,RWANDA,PASAULE,2056,23361603
1289,RWANDA,PASAULE,2057,23591861
1290,RWANDA,PASAULE,2058,23817492
1291,RWANDA,PASAULE,2059,24038318
1292,RWANDA,PASAULE,2060,24254197
1293,RWANDA,PASAULE,2061,24465018
1294,RWANDA,PASAULE,2062,24670728
1295,RWANDA,PASAULE,2063,24871256
1296,RWANDA,PASAULE,2064,25066552
1297,RWANDA,PASAULE,2065,25256531
1298,RWANDA,PASAULE,2066,25441158
1299,RWANDA,PASAULE,2067,25620276
1300,RWANDA,PASAULE,2068,25793687
1301,RWANDA,PASAULE,2069,25961089
1302,RWANDA,PASAULE,2070,26122284
1303,RWANDA,PASAULE,2071,26277166
1304,RWANDA,PASAULE,2072,26425729
1305,RWANDA,PASAULE,2073,26567983
1306,RWANDA,PASAULE,2074,26704000
1307,RWANDA,PASAULE,2075,26833816
1308,RWANDA,PASAULE,2076,26957428
1309,RWANDA,PASAULE,2077,27074833
1310,RWANDA,PASAULE,2078,27186067
1311,RWANDA,PASAULE,2079,27291208
1312,RWANDA,PASAULE,2080,27390322
1313,RWANDA,PASAULE,2081,27483437
1314,RWANDA,PASAULE,2082,27570589
1315,RWANDA,PASAULE,2083,27651834
1316,RWANDA,PASAULE,2084,27727223
1317,RWANDA,PASAULE,2085,27796802
1318,RWANDA,PASAULE,2086,27860653
1319,RWANDA,PASAULE,2087,27918806
1320,RWANDA,PASAULE,2088,27971301
1321,RWANDA,PASAULE,2089,28018144
1322,RWANDA,PASAULE,2090,28059365
1323,RWANDA,PASAULE,2091,28095030
1324,RWANDA,PASAULE,2092,28125239
1325,RWANDA,PASAULE,2093,28150111
1326,RWANDA,PASAULE,2094,28169757
1327,RWANDA,PASAULE,2095,28184314
1328,RWANDA,PASAULE,2096,28193910
1329,RWANDA,PASAULE,2097,28198648
1330,RWANDA,PASAULE,2098,28198640
1331,RWANDA,PASAULE,2099,28193996
1332,RWANDA,PASAULE,2100,28184816
1333,AFGHANISTAN,PASAULE,1990,12249114
1334,AFGHANISTAN,PASAULE,1991,12993657
1335,AFGHANISTAN,PASAULE,1992,13981231
1336,AFGHANISTAN,PASAULE,1993,15095099
1337,AFGHANISTAN,PASAULE,1994,16172719
1338,AFGHANISTAN,PASAULE,1995,17099541
1339,AFGHANISTAN,PASAULE,1996,17822884
1340,AFGHANISTAN,PASAULE,1997,18381605
1341,AFGHANISTAN,PASAULE,1998,18863999
1342,AFGHANISTAN,PASAULE,1999,19403676
1343,AFGHANISTAN,PASAULE,2000,20093756
1344,AFGHANISTAN,PASAULE,2001,20966463
1345,AFGHANISTAN,PASAULE,2002,21979923
1346,AFGHANISTAN,PASAULE,2003,23064851
1347,AFGHANISTAN,PASAULE,2004,24118979
1348,AFGHANISTAN,PASAULE,2005,25070798
1349,AFGHANISTAN,PASAULE,2006,25893450
1350,AFGHANISTAN,PASAULE,2007,26616792
1351,AFGHANISTAN,PASAULE,2008,27294031
1352,AFGHANISTAN,PASAULE,2009,28004331
1353,AFGHANISTAN,PASAULE,2010,28803167
1354,AFGHANISTAN,PASAULE,2011,29708599
1355,AFGHANISTAN,PASAULE,2012,30696958
1356,AFGHANISTAN,PASAULE,2013,31731688
1357,AFGHANISTAN,PASAULE,2014,32758020
1358,AFGHANISTAN,PASAULE,2015,33736494
1359,AFGHANISTAN,PASAULE,2016,34656032
1360,AFGHANISTAN,PASAULE,2017,35530081
1361,AFGHANISTAN,PASAULE,2018,36373176
1362,AFGHANISTAN,PASAULE,2019,37209007
1363,AFGHANISTAN,PASAULE,2020,38054941
1364,AFGHANISTAN,PASAULE,2021,38913707
1365,AFGHANISTAN,PASAULE,2022,39779095
1366,AFGHANISTAN,PASAULE,2023,40649204
1367,AFGHANISTAN,PASAULE,2024,41519986
1368,AFGHANISTAN,PASAULE,2025,42388400
1369,AFGHANISTAN,PASAULE,2026,43254446
1370,AFGHANISTAN,PASAULE,2027,44119315
1371,AFGHANISTAN,PASAULE,2028,44982317
1372,AFGHANISTAN,PASAULE,2029,45842659
1373,AFGHANISTAN,PASAULE,2030,46699545
1374,AFGHANISTAN,PASAULE,2031,47552324
1375,AFGHANISTAN,PASAULE,2032,48400329
1376,AFGHANISTAN,PASAULE,2033,49242776
1377,AFGHANISTAN,PASAULE,2034,50078786
1378,AFGHANISTAN,PASAULE,2035,50907550
1379,AFGHANISTAN,PASAULE,2036,51728328
1380,AFGHANISTAN,PASAULE,2037,52540360
1381,AFGHANISTAN,PASAULE,2038,53342664
1382,AFGHANISTAN,PASAULE,2039,54134238
1383,AFGHANISTAN,PASAULE,2040,54914122
1384,AFGHANISTAN,PASAULE,2041,55681683
1385,AFGHANISTAN,PASAULE,2042,56436296
1386,AFGHANISTAN,PASAULE,2043,57177142
1387,AFGHANISTAN,PASAULE,2044,57903378
1388,AFGHANISTAN,PASAULE,2045,58614315
1389,AFGHANISTAN,PASAULE,2046,59309352
1390,AFGHANISTAN,PASAULE,2047,59988191
1391,AFGHANISTAN,PASAULE,2048,60650823
1392,AFGHANISTAN,PASAULE,2049,61297440
1393,AFGHANISTAN,PASAULE,2050,61928118
1394,AFGHANISTAN,PASAULE,2051,62542629
1395,AFGHANISTAN,PASAULE,2052,63140612
1396,AFGHANISTAN,PASAULE,2053,63721905
1397,AFGHANISTAN,PASAULE,2054,64286388
1398,AFGHANISTAN,PASAULE,2055,64833869
1399,AFGHANISTAN,PASAULE,2056,65364208
1400,AFGHANISTAN,PASAULE,2057,65877123
1401,AFGHANISTAN,PASAULE,2058,66372235
1402,AFGHANISTAN,PASAULE,2059,66849094
1403,AFGHANISTAN,PASAULE,2060,67307303
1404,AFGHANISTAN,PASAULE,2061,67746600
1405,AFGHANISTAN,PASAULE,2062,68166836
1406,AFGHANISTAN,PASAULE,2063,68567901
1407,AFGHANISTAN,PASAULE,2064,68949732
1408,AFGHANISTAN,PASAULE,2065,69312240
1409,AFGHANISTAN,PASAULE,2066,69655300
1410,AFGHANISTAN,PASAULE,2067,69978689
1411,AFGHANISTAN,PASAULE,2068,70282194
1412,AFGHANISTAN,PASAULE,2069,70565547
1413,AFGHANISTAN,PASAULE,2070,70828562
1414,AFGHANISTAN,PASAULE,2071,71071244
1415,AFGHANISTAN,PASAULE,2072,71293579
1416,AFGHANISTAN,PASAULE,2073,71495235
1417,AFGHANISTAN,PASAULE,2074,71675834
1418,AFGHANISTAN,PASAULE,2075,71835187
1419,AFGHANISTAN,PASAULE,2076,71973309
1420,AFGHANISTAN,PASAULE,2077,72090564
1421,AFGHANISTAN,PASAULE,2078,72187611
1422,AFGHANISTAN,PASAULE,2079,72265313
1423,AFGHANISTAN,PASAULE,2080,72324435
1424,AFGHANISTAN,PASAULE,2081,72365474
1425,AFGHANISTAN,PASAULE,2082,72388742
1426,AFGHANISTAN,PASAULE,2083,72394688
1427,AFGHANISTAN,PASAULE,2084,72383708
1428,AFGHANISTAN,PASAULE,2085,72356276
1429,AFGHANISTAN,PASAULE,2086,72312905
1430,AFGHANISTAN,PASAULE,2087,72254237
1431,AFGHANISTAN,PASAULE,2088,72180933
1432,AFGHANISTAN,PASAULE,2089,72093731
1433,AFGHANISTAN,PASAULE,2090,71993320
1434,AFGHANISTAN,PASAULE,2091,71880385
1435,AFGHANISTAN,PASAULE,2092,71755556
1436,AFGHANISTAN,PASAULE,2093,71619483
1437,AFGHANISTAN,PASAULE,2094,71472775
1438,AFGHANISTAN,PASAULE,2095,71316116
1439,AFGHANISTAN,PASAULE,2096,71150213
1440,AFGHANISTAN,PASAULE,2097,70975797
1441,AFGHANISTAN,PASAULE,2098,70793669
1442,AFGHANISTAN,PASAULE,2099,70604652
1443,AFGHANISTAN,PASAULE,2100,70409629
